군번,이름,1지망 특기번호,1지망 점수,2지망 특기번호,2지망 점수,3지망 특기번호,3지망 점수,색맹 여부,아토피 여부,16110,17110,18110,18111,18210,18310,25110,46110,46111,46112,46210,55110,55610,55910,67110,70110,80110,80210,81110
25-70011358,조유준,81110,824265.54,16110,824871.90,17110,821353.63,,,,,,,,,,,,,,,,,,,,,
25-70011359,권준우,81110,824167.27,16110,823359.82,17110,822920.18,,,,,,,,,,,,,,,,,,,,,
25-70011360,윤주원,81110,822682.14,16110,824138.67,17110,823557.45,,,,,,,,,,,,,,,,,,,,,
25-70011361,전준우,81110,824220.18,16110,824612.60,17110,823469.05,,,,,,,,,,,,,,,,,,,,,
25-70011362,한예준,81110,824921.85,16110,823432.35,17110,823546.58,,,,,,,,,,,,,,,,,,,,,
25-70011363,윤도현,81110,823219.26,16110,821364.01,17110,823905.59,,,,,,,,,,,,,,,,,,,,,
25-70011364,이현우,81110,823189.79,16110,822803.64,17110,824641.89,,,,,,,,,,,,,,,,,,,,,
25-70011365,강서준,81110,822191.84,16110,823094.41,17110,823790.57,,,,,,,,,,,,,,,,,,,,,
25-70011366,김현우,81110,824185.89,16110,822837.39,17110,824368.37,,,,,,,,,,,,,,,,,,,,,
25-70011367,오민재,81110,824075.67,16110,821264.94,17110,821183.45,,,,,,,,,,,,,,,,,,,,,
25-70011368,임서진,81110,823483.22,16110,822389.65,17110,821836.52,,,,,,,,,,,,,,,,,,,,,
25-70011369,권건우,81110,823318.60,16110,822366.25,17110,823149.05,,,,,,,,,,,,,,,,,,,,,
25-70011370,전현우,81110,822840.48,16110,823339.06,17110,822601.20,,,,,,,,,,,,,,,,,,,,,
25-70011371,홍도현,81110,823790.67,16110,821720.27,17110,823786.01,,,,,,,,,,,,,,,,,,,,,
25-70011372,정연우,81110,822646.64,16110,824497.27,17110,823060.94,,,,,,,,,,,,,,,,,,,,,
25-70011373,조지후,81110,824892.44,16110,823407.74,17110,821895.40,,,,,,,,,,,,,,,,,,,,,
25-70011374,조현준,81110,824287.16,16110,822380.33,17110,822390.48,,,,,,,,,,,,,,,,,,,,,
25-70011375,최우진,81110,821127.22,16110,823194.86,17110,823137.69,,,,,,,,,,,,,,,,,,,,,
25-70011376,송지후,81110,822423.97,16110,824576.87,17110,821514.99,,,,,,,,,,,,,,,,,,,,,
25-70011377,이유준,81110,822320.40,16110,822286.33,17110,821369.16,,,,,,,,,,,,,,,,,,,,,
25-70011378,권주원,81110,822924.58,16110,823751.14,17110,823046.63,,,,,,,,,,,,,,,,,,,,,
25-70011379,오지호,81110,821627.91,16110,822509.14,17110,821010.38,,,,,,,,,,,,,,,,,,,,,
25-70011380,권도현,81110,824473.20,16110,821338.07,17110,823389.11,,,,,,,,,,,,,,,,,,,,,
25-70011381,신민재,81110,824945.03,16110,823146.36,17110,824696.17,,,,,,,,,,,,,,,,,,,,,
25-70011382,최현준,81110,821944.47,16110,824039.82,17110,823125.06,,,,,,,,,,,,,,,,,,,,,
25-70011383,윤예준,81110,823882.06,16110,821249.37,17110,821590.96,,,,,,,,,,,,,,,,,,,,,
25-70011384,이하준,81110,821532.47,16110,823748.66,17110,824377.76,,,,,,,,,,,,,,,,,,,,,
25-70011385,임예준,81110,823998.46,16110,821121.89,17110,824468.86,,,,,,,,,,,,,,,,,,,,,
25-70011386,송현우,81110,822416.59,16110,822588.66,17110,821419.48,,,,,,,,,,,,,,,,,,,,,
25-70011387,이준서,81110,823949.62,16110,821729.14,17110,823255.86,,,,,,,,,,,,,,,,,,,,,
25-70011388,최우진,81110,824362.84,16110,821356.82,17110,823141.34,,,,,,,,,,,,,,,,,,,,,
25-70011389,황건우,81110,821932.87,16110,822371.71,17110,822895.88,,,,,,,,,,,,,,,,,,,,,
25-70011390,윤우진,81110,822420.42,16110,823595.29,17110,822918.33,,,,,,,,,,,,,,,,,,,,,
25-70011391,윤서진,81110,823336.80,16110,823947.29,17110,823230.97,,,,,,,,,,,,,,,,,,,,,
25-70011392,서현준,81110,823346.14,16110,823257.83,17110,822515.09,,,,,,,,,,,,,,,,,,,,,
25-70011393,권지훈,81110,822349.79,16110,824598.59,17110,823430.22,,,,,,,,,,,,,,,,,,,,,
25-70011394,장건우,81110,821977.41,16110,822992.99,17110,822321.39,,,,,,,,,,,,,,,,,,,,,
25-70011395,서민준,81110,824734.77,16110,821030.14,17110,821901.33,,,,,,,,,,,,,,,,,,,,,
25-70011396,조지후,81110,822461.43,16110,822951.24,17110,824403.27,,,,,,,,,,,,,,,,,,,,,
25-70011397,김현우,81110,821351.55,16110,824223.46,17110,821222.61,,,,,,,,,,,,,,,,,,,,,
25-70011398,윤준우,81110,824369.26,16110,821206.54,17110,821072.97,,,,,,,,,,,,,,,,,,,,,
25-70011399,전민재,81110,823787.85,16110,824989.02,17110,824586.44,,,,,,,,,,,,,,,,,,,,,
25-70011400,윤도현,81110,823303.99,16110,824669.58,17110,821021.20,,,,,,,,,,,,,,,,,,,,,
25-70011401,박민준,81110,824900.27,16110,822963.00,17110,823891.58,,,,,,,,,,,,,,,,,,,,,
25-70011402,정준서,81110,824283.45,16110,823873.83,17110,823140.15,,,,,,,,,,,,,,,,,,,,,
25-70011403,조지후,81110,822906.48,16110,824354.33,17110,821820.31,,,,,,,,,,,,,,,,,,,,,
25-70011404,조지후,81110,824871.98,16110,823843.81,17110,821798.03,,,,,,,,,,,,,,,,,,,,,
25-70011405,윤현우,81110,823944.99,16110,823119.36,17110,823828.92,,,,,,,,,,,,,,,,,,,,,
25-70011406,이민준,81110,824071.12,16110,821349.16,17110,823024.42,,,,,,,,,,,,,,,,,,,,,
25-70011407,황시우,81110,824728.06,16110,822282.57,17110,823375.53,,,,,,,,,,,,,,,,,,,,,
25-70011408,박현우,81110,822476.92,16110,822817.07,17110,823194.41,,,,,,,,,,,,,,,,,,,,,
25-70011409,윤도현,81110,823195.69,16110,821806.92,17110,823738.29,,,,,,,,,,,,,,,,,,,,,
25-70011410,김도현,81110,821351.47,16110,821555.30,17110,821010.84,,,,,,,,,,,,,,,,,,,,,
25-70011411,정건우,81110,821466.78,16110,822892.66,17110,823424.41,,,,,,,,,,,,,,,,,,,,,
25-70011412,신도현,81110,824177.16,16110,821426.80,17110,824402.91,,,,,,,,,,,,,,,,,,,,,
25-70011413,김시우,81110,823983.90,16110,822634.07,17110,824731.75,,,,,,,,,,,,,,,,,,,,,
25-70011414,신주원,81110,824963.72,16110,821820.01,17110,822516.91,,,,,,,,,,,,,,,,,,,,,
25-70011415,장건우,81110,824705.80,16110,823886.39,17110,821192.38,,,,,,,,,,,,,,,,,,,,,
25-70011416,권준서,81110,824126.06,16110,824311.76,17110,824002.01,,,,,,,,,,,,,,,,,,,,,
25-70011417,서연우,81110,824198.15,16110,824300.53,17110,821745.62,,,,,,,,,,,,,,,,,,,,,
25-70011418,조민재,81110,821942.77,16110,823535.03,17110,824631.46,,,,,,,,,,,,,,,,,,,,,
25-70011419,홍예준,81110,822264.79,16110,823353.23,17110,823731.93,,,,,,,,,,,,,,,,,,,,,
25-70011420,정주원,81110,822807.79,16110,823855.13,17110,824598.67,,,,,,,,,,,,,,,,,,,,,
25-70011421,서건우,81110,823496.41,16110,823159.12,17110,822754.98,,,,,,,,,,,,,,,,,,,,,
25-70011422,한예준,81110,823309.95,16110,822421.45,17110,822565.93,,,,,,,,,,,,,,,,,,,,,
25-70011423,서주원,81110,823127.43,16110,821266.48,17110,821916.10,,,,,,,,,,,,,,,,,,,,,
25-70011424,전서준,81110,823171.40,16110,822726.11,17110,822331.26,,,,,,,,,,,,,,,,,,,,,
25-70011425,임지훈,81110,823922.20,16110,823774.87,17110,821666.92,,,,,,,,,,,,,,,,,,,,,
25-70011426,강현우,81110,824514.52,16110,822981.69,17110,823965.84,,,,,,,,,,,,,,,,,,,,,
25-70011427,오유준,81110,823292.60,16110,824990.77,17110,824009.61,,,,,,,,,,,,,,,,,,,,,
25-70011428,한주원,81110,823827.92,16110,824114.29,17110,821572.51,,,,,,,,,,,,,,,,,,,,,
25-70011429,김민준,81110,821818.18,16110,823856.26,17110,822975.93,,,,,,,,,,,,,,,,,,,,,
25-70011430,홍지훈,81110,824018.54,16110,821411.66,17110,823145.93,,,,,,,,,,,,,,,,,,,,,
25-70011431,장도현,81110,822515.29,16110,822828.00,17110,823415.83,,,,,,,,,,,,,,,,,,,,,
25-70011432,조하준,81110,823009.15,16110,823159.44,17110,822945.43,,,,,,,,,,,,,,,,,,,,,
25-70011433,윤지후,81110,822635.82,16110,824087.53,17110,821048.81,,,,,,,,,,,,,,,,,,,,,
25-70011434,정민준,81110,823393.77,16110,823262.03,17110,823864.72,,,,,,,,,,,,,,,,,,,,,
25-70011435,전준서,81110,823396.12,16110,824307.20,17110,824836.30,,,,,,,,,,,,,,,,,,,,,
25-70011436,오건우,81110,822370.10,16110,821909.40,17110,822694.39,,,,,,,,,,,,,,,,,,,,,
25-70011437,장유준,81110,822151.72,16110,823459.80,17110,824647.41,,,,,,,,,,,,,,,,,,,,,
25-70011438,안민재,81110,821556.46,16110,821403.18,17110,822024.06,,,,,,,,,,,,,,,,,,,,,
25-70011439,홍현우,81110,823904.38,16110,823371.85,17110,821408.85,,,,,,,,,,,,,,,,,,,,,
25-70011440,조서준,81110,824675.00,16110,824160.34,17110,821092.09,,,,,,,,,,,,,,,,,,,,,
25-70011441,박민재,81110,823605.47,16110,824084.99,17110,822497.74,,,,,,,,,,,,,,,,,,,,,
25-70011442,정민재,81110,821275.69,16110,821309.28,17110,821416.99,,,,,,,,,,,,,,,,,,,,,
25-70011443,안민재,46112,824361.76,55610,824642.74,70110,821491.24,,,,,,,,,,,,,,,,,,,,,
25-70011444,이서준,46112,821943.62,55610,821662.08,70110,821745.28,,,,,,,,,,,,,,,,,,,,,
25-70011445,정민준,46112,824349.96,55610,822328.59,70110,822245.78,,,,,,,,,,,,,,,,,,,,,
25-70011446,김연우,46112,821909.58,55610,823431.58,70110,822517.22,,,,,,,,,,,,,,,,,,,,,
25-70011447,이현우,46112,823977.00,55610,821822.32,70110,824151.16,,,,,,,,,,,,,,,,,,,,,
25-70011448,강예준,46112,823414.89,55610,821457.07,70110,822658.02,,,,,,,,,,,,,,,,,,,,,
25-70011449,한민재,46112,824454.07,55610,824691.84,70110,822862.80,,,,,,,,,,,,,,,,,,,,,
25-70011450,강시우,46112,822923.35,55610,824673.82,70110,823348.27,,,,,,,,,,,,,,,,,,,,,
25-70011451,홍서준,46112,821131.39,55610,824651.00,70110,821992.91,,,,,,,,,,,,,,,,,,,,,
25-70011452,강준우,46112,823310.53,55610,821662.05,70110,821135.52,,,,,,,,,,,,,,,,,,,,,
25-70011453,황서진,46112,822245.89,55610,824121.98,70110,822110.35,,,,,,,,,,,,,,,,,,,,,
25-70011454,김지후,46112,821880.39,55610,821850.72,70110,823060.69,,,,,,,,,,,,,,,,,,,,,
25-70011455,강서진,46112,824902.17,55610,822835.96,70110,823229.22,,,,,,,,,,,,,,,,,,,,,
25-70011456,박유준,46112,824442.53,55610,823140.28,70110,821737.85,,,,,,,,,,,,,,,,,,,,,
25-70011457,최연우,46112,822198.38,55610,822239.75,70110,822589.27,,,,,,,,,,,,,,,,,,,,,
25-70011458,박연우,16110,871820.56,17110,871762.75,55610,871146.20,,,,,,,,,,,,,,,,,,,,,
25-70011459,홍주원,55610,873856.24,46110,873110.59,16110,873137.82,,,,,,,,,,,,,,,,,,,,,
25-70011460,홍지후,18110,871620.96,70110,871727.71,46110,874447.14,,,,,,,,,,,,,,,,,,,,,
25-70011461,김지호,16110,873106.31,46110,874203.00,70110,874915.73,,,,,,,,,,,,,,,,,,,,,
25-70011462,조현준,70110,871887.89,18110,871924.30,16110,873687.57,,,,,,,,,,,,,,,,,,,,,
25-70011463,윤민준,17110,874549.84,46110,873226.89,70110,873883.25,,,,,,,,,,,,,,,,,,,,,
25-70011464,한현준,55610,871819.94,17110,872172.59,16110,874585.34,,,,,,,,,,,,,,,,,,,,,
25-70011465,임도현,70110,871491.11,46110,874505.78,55610,873571.70,,,,,,,,,,,,,,,,,,,,,
25-70011466,조서진,55610,872367.27,46110,872037.69,18110,872518.77,,,,,,,,,,,,,,,,,,,,,
25-70011467,황유준,18110,874095.34,17110,872451.03,55610,874444.27,,,,,,,,,,,,,,,,,,,,,
25-70011468,안서준,16110,871560.45,70110,874473.87,55610,872949.72,,,,,,,,,,,,,,,,,,,,,
25-70011469,김서진,46110,872074.71,55610,873166.54,18110,873533.91,,,,,,,,,,,,,,,,,,,,,
25-70011470,오시우,70110,874602.29,55610,873764.89,46110,873732.74,,,,,,,,,,,,,,,,,,,,,
25-70011471,정지후,18110,873306.07,55610,872096.22,16110,873216.71,,,,,,,,,,,,,,,,,,,,,
25-70011472,장도현,55610,871043.98,70110,871547.54,18110,874600.07,,,,,,,,,,,,,,,,,,,,,
25-70011473,전서진,16110,873532.39,55610,872977.10,17110,873293.18,,,,,,,,,,,,,,,,,,,,,
25-70011474,황도현,46110,872688.14,18110,872415.49,55610,874834.51,,,,,,,,,,,,,,,,,,,,,
25-70011475,홍민준,46110,871273.00,17110,874348.32,55610,872748.77,,,,,,,,,,,,,,,,,,,,,
25-70011476,홍준우,55610,873265.62,17110,872904.20,70110,873654.68,,,,,,,,,,,,,,,,,,,,,
25-70011477,안지호,18110,871124.73,17110,872049.06,16110,873380.31,,,,,,,,,,,,,,,,,,,,,
25-70011478,최하준,46110,871618.69,55610,873493.33,70110,872896.95,,,,,,,,,,,,,,,,,,,,,
25-70011479,윤유준,17110,872981.97,18110,873753.61,55610,872739.31,,,,,,,,,,,,,,,,,,,,,
25-70011480,박서진,55610,873778.79,46110,872088.58,16110,873360.92,,,,,,,,,,,,,,,,,,,,,
25-70011481,박현준,17110,874848.40,16110,874160.05,70110,873762.24,,,,,,,,,,,,,,,,,,,,,
25-70011482,신현준,70110,873555.80,55610,874036.14,18110,873896.41,,,,,,,,,,,,,,,,,,,,,
25-70011483,이도현,18110,871884.84,46110,874950.67,55610,874776.24,,,,,,,,,,,,,,,,,,,,,
25-70011484,황지후,46110,872892.84,55610,872251.42,70110,871482.09,,,,,,,,,,,,,,,,,,,,,
25-70011485,최민준,55610,874777.07,70110,872896.86,17110,874448.17,,,,,,,,,,,,,,,,,,,,,
25-70011486,최민준,46110,871148.03,16110,873385.08,55610,871920.04,,,,,,,,,,,,,,,,,,,,,
25-70011487,신서진,70110,873121.06,16110,872764.13,18110,872617.94,,,,,,,,,,,,,,,,,,,,,
25-70011488,홍지호,18110,873951.42,55610,873080.67,17110,872707.27,,,,,,,,,,,,,,,,,,,,,
25-70011489,조도현,16110,874961.37,55610,871000.95,70110,871741.89,,,,,,,,,,,,,,,,,,,,,
25-70011490,안민준,16110,872402.85,70110,874068.75,46110,872607.72,,,,,,,,,,,,,,,,,,,,,
25-70011491,황현우,17110,874073.09,70110,872671.07,18110,872685.43,,,,,,,,,,,,,,,,,,,,,
25-70011492,전우진,46110,872869.24,18110,872188.01,70110,874411.29,,,,,,,,,,,,,,,,,,,,,
25-70011493,강하준,70110,874950.89,18110,872711.09,46110,872537.31,,,,,,,,,,,,,,,,,,,,,
25-70011494,서연우,55610,874145.38,16110,871357.64,17110,872670.32,,,,,,,,,,,,,,,,,,,,,
25-70011495,윤서준,55610,871668.14,46110,874964.67,16110,871926.69,,,,,,,,,,,,,,,,,,,,,
25-70011496,김건우,70110,874322.57,16110,871481.36,17110,871187.78,,,,,,,,,,,,,,,,,,,,,
25-70011497,김시우,18110,874118.34,55610,872400.50,46110,871231.37,,,,,,,,,,,,,,,,,,,,,
25-70011498,황연우,46110,871695.58,55610,872584.97,17110,874032.95,,,,,,,,,,,,,,,,,,,,,
25-70011499,최도현,55610,872853.52,17110,873491.75,18110,873991.49,,,,,,,,,,,,,,,,,,,,,
25-70011500,안민재,18110,871365.95,55610,874509.84,17110,872062.40,,,,,,,,,,,,,,,,,,,,,
25-70011501,오우진,17110,874408.77,70110,871141.69,18110,872316.21,,,,,,,,,,,,,,,,,,,,,
25-70011502,강도현,70110,872633.81,17110,872490.75,46110,872039.02,,,,,,,,,,,,,,,,,,,,,
25-70011503,장시우,18110,871880.73,16110,873733.04,46110,871304.52,,,,,,,,,,,,,,,,,,,,,
25-70011504,안우진,18110,873064.32,55610,874626.05,70110,873285.28,,,,,,,,,,,,,,,,,,,,,
25-70011505,박민준,70110,874514.52,55610,874189.70,46110,873633.81,,,,,,,,,,,,,,,,,,,,,
25-70011506,홍민준,17110,874348.05,46110,873789.89,70110,873720.56,,,,,,,,,,,,,,,,,,,,,
25-70011507,박현준,17110,874845.26,55610,872861.88,16110,874516.29,,,,,,,,,,,,,,,,,,,,,
25-70011508,임도현,55610,873974.03,16110,871643.04,18110,874271.87,,,,,,,,,,,,,,,,,,,,,
25-70011509,윤우진,46110,872148.15,17110,873467.71,18110,874924.74,,,,,,,,,,,,,,,,,,,,,
25-70011510,송건우,55610,871513.79,18110,872133.37,70110,871073.71,,,,,,,,,,,,,,,,,,,,,
25-70011511,이준서,70110,874014.80,55610,874155.23,46110,871695.01,,,,,,,,,,,,,,,,,,,,,
25-70011512,이민재,16110,873832.69,55610,871269.40,18110,873328.68,,,,,,,,,,,,,,,,,,,,,
25-70011513,윤민준,70110,874486.15,55610,874893.96,18110,874875.51,,,,,,,,,,,,,,,,,,,,,
25-70011514,장준우,70110,871098.35,17110,871088.49,16110,872294.44,,,,,,,,,,,,,,,,,,,,,
25-70011515,황주원,16110,871635.75,46110,872874.16,55610,874777.21,,,,,,,,,,,,,,,,,,,,,
25-70011516,임도현,17110,874179.24,46110,873774.73,70110,871883.08,,,,,,,,,,,,,,,,,,,,,
25-70011517,송지훈,55610,874472.22,16110,874852.95,18110,871125.21,,,,,,,,,,,,,,,,,,,,,
25-70011518,조예준,17110,874858.08,46110,874040.38,16110,872769.20,,,,,,,,,,,,,,,,,,,,,
25-70011519,서유준,70110,873983.35,55610,871801.44,46110,874472.49,,,,,,,,,,,,,,,,,,,,,
25-70011520,김지호,16110,871636.98,55610,871814.80,70110,871364.66,,,,,,,,,,,,,,,,,,,,,
25-70011521,신서진,55610,874187.19,16110,872176.67,70110,874647.34,,,,,,,,,,,,,,,,,,,,,
25-70011522,신현우,55610,872926.09,16110,871469.23,70110,871500.74,,,,,,,,,,,,,,,,,,,,,
25-70011523,전건우,18110,871902.16,17110,871643.30,16110,873606.08,,,,,,,,,,,,,,,,,,,,,
25-70011524,이서준,16110,872820.88,46110,871046.48,18110,871289.79,,,,,,,,,,,,,,,,,,,,,
25-70011525,전민재,70110,874810.59,55610,874631.27,46110,873897.14,,,,,,,,,,,,,,,,,,,,,
25-70011526,홍준서,70110,871569.98,17110,872995.55,46110,873472.62,,,,,,,,,,,,,,,,,,,,,
25-70011527,강건우,55610,871289.67,18110,873136.97,70110,874530.13,,,,,,,,,,,,,,,,,,,,,
25-70011528,한시우,46110,872288.38,18110,874909.87,17110,871803.44,,,,,,,,,,,,,,,,,,,,,
25-70011529,김지호,16110,871669.93,46110,871418.27,55610,873545.72,,,,,,,,,,,,,,,,,,,,,
25-70011530,오현우,55610,873466.42,46110,873451.78,16110,872195.34,,,,,,,,,,,,,,,,,,,,,
25-70011531,정주원,16110,872357.80,18110,874259.30,55610,871320.46,,,,,,,,,,,,,,,,,,,,,
25-70011532,최하준,16110,872809.27,18110,873574.31,55610,873105.61,,,,,,,,,,,,,,,,,,,,,
25-70011533,서유준,16110,871988.41,55610,871638.18,46110,874487.13,,,,,,,,,,,,,,,,,,,,,
25-70011534,권도현,16110,873977.12,46110,874487.33,70110,872734.62,,,,,,,,,,,,,,,,,,,,,
25-70011535,윤유준,16110,873613.05,70110,872329.26,55610,873169.91,,,,,,,,,,,,,,,,,,,,,
25-70011536,황지훈,55610,873720.91,16110,871288.79,17110,871122.61,,,,,,,,,,,,,,,,,,,,,
25-70011537,송준서,18110,873908.68,55610,873970.83,17110,872701.97,,,,,,,,,,,,,,,,,,,,,
25-70011538,전민재,16110,873019.38,18110,873173.20,17110,873055.98,,,,,,,,,,,,,,,,,,,,,
25-70011539,전시우,18110,872946.68,55610,874493.69,70110,874602.81,,,,,,,,,,,,,,,,,,,,,
25-70011540,장현우,16110,874649.45,55610,871842.65,46110,873491.87,,,,,,,,,,,,,,,,,,,,,
25-70011541,김민준,70110,872621.24,46110,873407.42,17110,873530.16,,,,,,,,,,,,,,,,,,,,,
25-70011542,권서준,55610,871276.53,46110,872748.66,16110,871389.57,,,,,,,,,,,,,,,,,,,,,
25-70011543,황지호,18110,871654.10,70110,872564.33,17110,874877.65,,,,,,,,,,,,,,,,,,,,,
25-70011544,서민준,70110,873353.65,55610,873394.86,46110,872586.64,,,,,,,,,,,,,,,,,,,,,
25-70011545,황주원,16110,872323.56,46110,872795.11,55610,873677.56,,,,,,,,,,,,,,,,,,,,,
25-70011546,정도현,46110,873827.11,17110,871668.17,18110,871670.48,,,,,,,,,,,,,,,,,,,,,
25-70011547,오서진,17110,873134.05,46110,874127.16,55610,873821.54,,,,,,,,,,,,,,,,,,,,,
25-70011548,전시우,55610,872079.00,17110,871228.35,16110,873124.68,,,,,,,,,,,,,,,,,,,,,
25-70011549,신시우,55610,871898.80,18110,871720.04,70110,871354.22,,,,,,,,,,,,,,,,,,,,,
25-70011550,권민재,55610,871593.37,46110,874946.52,17110,874860.47,,,,,,,,,,,,,,,,,,,,,
25-70011551,신유준,70110,874471.67,46110,872818.96,55610,873062.38,,,,,,,,,,,,,,,,,,,,,
25-70011552,정현우,16110,871530.86,55610,871574.17,18110,874759.28,,,,,,,,,,,,,,,,,,,,,
25-70011553,황서진,55610,873690.41,18110,872775.00,70110,874472.57,,,,,,,,,,,,,,,,,,,,,
25-70011554,조예준,55610,874778.46,46110,873732.99,18110,872988.70,,,,,,,,,,,,,,,,,,,,,
25-70011555,김시우,70110,874074.08,55610,871452.44,18110,874182.04,,,,,,,,,,,,,,,,,,,,,
25-70011556,임시우,17110,873635.54,70110,872575.46,18110,873604.93,,,,,,,,,,,,,,,,,,,,,
25-70011557,최서준,16110,871192.85,18110,874908.70,55610,872627.63,,,,,,,,,,,,,,,,,,,,,
25-70011558,홍준서,17110,873953.80,18110,874514.06,46110,872616.56,,,,,,,,,,,,,,,,,,,,,
25-70011559,전민준,16110,874605.50,55610,874511.56,18110,872268.78,,,,,,,,,,,,,,,,,,,,,
25-70011560,정지훈,46110,873596.30,70110,872313.52,17110,873520.83,,,,,,,,,,,,,,,,,,,,,
25-70011561,최서진,70110,873385.94,46110,873182.75,16110,872777.68,,,,,,,,,,,,,,,,,,,,,
25-70011562,황서준,16110,873672.85,55610,873477.96,46110,872853.98,,,,,,,,,,,,,,,,,,,,,
25-70011563,안유준,16110,874656.95,70110,874255.07,46110,871435.67,,,,,,,,,,,,,,,,,,,,,
25-70011564,오현준,70110,873134.41,18110,873431.62,16110,874059.53,,,,,,,,,,,,,,,,,,,,,
25-70011565,박민준,55610,871072.93,16110,871783.11,18110,871030.25,,,,,,,,,,,,,,,,,,,,,
25-70011566,김연우,70110,874708.14,17110,871241.07,16110,874737.74,,,,,,,,,,,,,,,,,,,,,
25-70011567,한시우,55610,873469.41,16110,873092.34,46110,873680.38,,,,,,,,,,,,,,,,,,,,,
25-70011568,오도현,16110,873870.54,70110,872599.62,17110,874906.90,,,,,,,,,,,,,,,,,,,,,
25-70011569,김민준,46110,873724.47,55610,871725.75,18110,873100.65,,,,,,,,,,,,,,,,,,,,,
25-70011570,윤준서,46110,874851.71,18110,872934.18,55610,874223.97,,,,,,,,,,,,,,,,,,,,,
25-70011571,한현우,18110,871449.22,17110,871010.34,70110,873551.94,,,,,,,,,,,,,,,,,,,,,
25-70011572,서현우,18110,873586.42,70110,871699.09,17110,872443.09,,,,,,,,,,,,,,,,,,,,,
25-70011573,신서준,46110,872208.24,55610,873927.83,18110,874404.70,,,,,,,,,,,,,,,,,,,,,
25-70011574,전현준,55610,871598.82,46110,872695.78,18110,871611.94,,,,,,,,,,,,,,,,,,,,,
25-70011575,박민재,55610,871866.96,70110,871382.86,17110,871094.55,,,,,,,,,,,,,,,,,,,,,
25-70011576,윤준서,16110,872027.54,17110,873528.06,55610,871233.82,,,,,,,,,,,,,,,,,,,,,
25-70011577,이연우,55610,873780.58,70110,872617.28,18110,872712.80,,,,,,,,,,,,,,,,,,,,,
25-70011578,장주원,55610,871513.58,17110,871416.44,46110,873897.36,,,,,,,,,,,,,,,,,,,,,
25-70011579,최현준,46110,873383.00,18110,872604.75,16110,872467.82,,,,,,,,,,,,,,,,,,,,,
25-70011580,서준우,17110,874327.45,46110,873678.41,55610,871279.73,,,,,,,,,,,,,,,,,,,,,
25-70011581,최예준,16110,872297.34,46110,872332.01,70110,873677.95,,,,,,,,,,,,,,,,,,,,,
25-70011582,임시우,70110,873922.60,18110,872860.82,16110,871240.57,,,,,,,,,,,,,,,,,,,,,
25-70011583,장도현,55610,873539.84,18110,874019.35,16110,871681.91,,,,,,,,,,,,,,,,,,,,,
25-70011584,안도현,46110,873659.65,70110,874181.80,55610,874708.71,,,,,,,,,,,,,,,,,,,,,
25-70011585,황예준,70110,873948.72,16110,874074.40,17110,871974.63,,,,,,,,,,,,,,,,,,,,,
25-70011586,송민재,16110,871356.50,18110,874021.08,17110,871510.85,,,,,,,,,,,,,,,,,,,,,
25-70011587,조시우,18110,871470.60,55610,871909.43,16110,872366.70,,,,,,,,,,,,,,,,,,,,,
25-70011588,오민재,46110,873215.21,70110,872222.10,18110,872587.93,,,,,,,,,,,,,,,,,,,,,
25-70011589,서도현,16110,874677.57,55610,872987.85,18110,874968.63,,,,,,,,,,,,,,,,,,,,,
25-70011590,장민재,70110,871465.47,16110,874269.80,18110,872522.49,,,,,,,,,,,,,,,,,,,,,
25-70011591,안유준,16110,874274.94,70110,872290.11,55610,871091.58,,,,,,,,,,,,,,,,,,,,,
25-70011592,황지훈,16110,874902.44,46110,873563.89,55610,874289.92,,,,,,,,,,,,,,,,,,,,,
25-70011593,전민재,18110,873425.48,46110,871556.79,70110,874593.05,,,,,,,,,,,,,,,,,,,,,
25-70011594,최현우,17110,872594.65,16110,871585.50,18110,872470.14,,,,,,,,,,,,,,,,,,,,,
25-70011595,장연우,70110,874852.46,18110,873198.12,16110,874863.29,,,,,,,,,,,,,,,,,,,,,
25-70011596,오지후,16110,872758.05,70110,871422.66,17110,873563.31,,,,,,,,,,,,,,,,,,,,,
25-70011597,조우진,16110,872459.19,70110,872545.84,46110,873257.76,,,,,,,,,,,,,,,,,,,,,
25-70011598,홍연우,46110,874979.47,18110,871231.12,55610,873780.14,,,,,,,,,,,,,,,,,,,,,
25-70011599,권서진,17110,871485.54,46110,872213.10,55610,871404.18,,,,,,,,,,,,,,,,,,,,,
25-70011600,정도현,55610,874255.88,17110,873460.88,18110,872225.01,,,,,,,,,,,,,,,,,,,,,
25-70011601,오유준,18110,873897.27,16110,874168.37,17110,872619.19,,,,,,,,,,,,,,,,,,,,,
25-70011602,최서진,16110,872926.54,17110,871707.55,46110,872548.32,,,,,,,,,,,,,,,,,,,,,
25-70011603,조지훈,46110,871076.77,16110,872039.25,18110,874041.16,,,,,,,,,,,,,,,,,,,,,
25-70011604,임주원,70110,874337.21,18110,873517.20,46110,871795.43,,,,,,,,,,,,,,,,,,,,,
25-70011605,신시우,17110,872063.40,18110,873584.36,16110,872997.34,,,,,,,,,,,,,,,,,,,,,
25-70011606,박준우,16110,871973.91,18110,873606.84,46110,874242.74,,,,,,,,,,,,,,,,,,,,,
25-70011607,한현준,70110,874140.07,18110,874568.34,17110,874821.34,,,,,,,,,,,,,,,,,,,,,
25-70011608,권현우,18110,872750.41,17110,872018.68,46110,874363.49,,,,,,,,,,,,,,,,,,,,,
25-70011609,장준서,18110,873548.81,70110,873637.42,16110,874580.47,,,,,,,,,,,,,,,,,,,,,
25-70011610,오민재,55610,874529.84,17110,871422.77,18110,874953.10,,,,,,,,,,,,,,,,,,,,,
25-70011611,강주원,17110,873865.29,18110,871288.34,16110,871285.03,,,,,,,,,,,,,,,,,,,,,
25-70011612,신지훈,67110,1510.48,18310,1548.26,18210,1539.50,,1,1529.50,1511.34,1512.51,1546.26,1515.57,1531.30,1526.44,1523.89,1545.99,1510.87,1536.55,1548.54,1532.41,1547.47,1512.09,1526.75,1520.41,1539.23,1549.25
25-70011613,윤준서,67110,1524.13,18310,1521.86,18210,1523.99,,1,1520.26,1536.17,1517.92,1532.61,1528.56,1548.88,1534.34,1523.98,1514.56,1516.05,1519.01,1520.04,1544.02,1532.45,1530.94,1514.59,1544.41,1538.91,1512.71
25-70011614,장현준,67110,1540.99,18310,1536.45,18210,1517.41,,1,1538.31,1531.74,1513.27,1528.33,1529.39,1516.63,1547.83,1544.00,1536.76,1528.49,1526.47,1536.04,1531.82,1512.49,1530.50,1542.26,1528.37,1512.08,1541.45
25-70011615,이시우,67110,1516.96,18310,1513.94,18210,1536.41,,1,1518.05,1520.34,1516.59,1523.21,1540.27,1530.78,1518.20,1545.11,1545.18,1544.82,1519.55,1528.05,1549.40,1540.88,1511.09,1512.61,1528.56,1546.37,1531.55
25-70011616,정하준,67110,1540.57,18310,1520.60,18210,1510.84,,1,1529.91,1514.22,1536.27,1542.88,1525.22,1541.02,1548.58,1518.15,1530.93,1521.49,1541.71,1533.10,1535.38,1541.92,1525.84,1546.60,1531.32,1516.32,1537.84
25-70011617,전지호,67110,1513.29,18310,1548.71,18210,1521.82,,1,1541.73,1522.67,1544.29,1546.25,1521.08,1549.34,1515.63,1518.08,1517.37,1545.76,1536.17,1516.08,1527.61,1534.61,1513.34,1545.30,1542.14,1530.21,1548.69
25-70011618,황지훈,67110,1540.77,18310,1534.99,18210,1525.28,,1,1526.71,1549.36,1536.72,1535.39,1516.64,1545.28,1527.10,1516.49,1510.50,1532.39,1531.10,1538.77,1545.61,1513.18,1539.26,1517.50,1544.33,1542.76,1531.63
25-70011619,김유준,67110,1518.23,18310,1514.86,18210,1534.60,,1,1538.41,1522.57,1528.85,1542.87,1528.37,1524.31,1529.77,1543.13,1523.41,1516.95,1538.48,1543.04,1514.03,1519.59,1515.68,1523.92,1528.01,1539.95,1536.05
25-70011620,안주원,67110,1540.99,18310,1535.76,18210,1531.21,,1,1534.84,1524.09,1543.66,1528.85,1549.16,1535.37,1515.05,1537.05,1523.00,1537.45,1512.79,1517.00,1544.23,1519.09,1543.48,1521.17,1535.72,1537.77,1530.51
25-70011621,서예준,67110,1511.68,18310,1548.74,18210,1541.95,,1,1522.21,1518.51,1511.33,1522.16,1536.13,1547.53,1544.85,1540.64,1541.54,1536.60,1520.41,1546.29,1536.83,1532.42,1514.44,1527.88,1528.41,1544.58,1531.87
25-70011622,최하준,67110,1521.71,18310,1549.20,18210,1534.08,,1,1525.22,1549.07,1514.43,1526.90,1511.68,1539.60,1546.72,1521.20,1544.33,1521.69,1546.43,1540.16,1542.20,1510.72,1548.51,1539.07,1522.19,1543.18,1521.26
25-70011623,전현우,67110,1533.30,18310,1539.92,18210,1542.47,,1,1544.91,1514.50,1538.15,1531.63,1513.86,1519.68,1510.50,1528.75,1522.05,1533.93,1521.89,1522.00,1539.73,1511.93,1546.12,1544.09,1536.71,1533.73,1545.69
25-70011624,조준서,67110,1536.26,18310,1515.12,18210,1523.53,,1,1517.41,1513.16,1519.58,1541.78,1511.39,1533.31,1549.82,1544.23,1530.86,1512.55,1543.25,1533.96,1514.60,1513.75,1546.39,1536.77,1543.17,1545.16,1532.87
25-70011625,전주원,67110,1547.12,18310,1518.98,18210,1524.89,,1,1530.70,1527.22,1522.68,1527.38,1540.96,1534.08,1545.70,1527.74,1534.28,1535.25,1533.67,1538.11,1519.50,1530.49,1514.17,1525.38,1529.51,1536.09,1548.02
25-70011626,박지훈,67110,1527.28,18310,1527.58,18210,1534.52,,1,1534.03,1539.74,1530.25,1535.36,1512.84,1520.18,1524.47,1528.90,1511.83,1515.60,1521.07,1548.86,1523.25,1529.28,1517.84,1534.43,1521.23,1518.28,1530.66
25-70011627,서현준,67110,1547.72,18310,1519.63,18210,1514.86,,1,1510.22,1510.31,1518.76,1511.47,1514.32,1523.55,1542.10,1532.88,1530.51,1521.74,1547.27,1525.88,1513.48,1534.68,1514.55,1523.81,1530.30,1544.97,1529.74
25-70011628,홍지호,67110,1517.90,18310,1545.48,18210,1535.83,,1,1538.09,1549.71,1515.26,1520.99,1525.78,1526.87,1526.44,1546.30,1538.56,1534.32,1522.37,1542.95,1548.20,1542.85,1510.06,1535.46,1512.05,1520.30,1512.38
25-70011629,장주원,67110,1521.44,18310,1542.64,18210,1544.45,,1,1534.15,1537.46,1514.58,1525.35,1528.25,1524.76,1514.84,1526.76,1540.05,1512.84,1513.21,1524.19,1547.67,1536.74,1537.15,1524.48,1533.75,1510.41,1535.44
25-70011630,김도현,67110,1543.86,18310,1546.76,18210,1520.09,,1,1546.53,1534.50,1544.95,1538.96,1514.82,1546.10,1512.66,1531.36,1515.69,1510.47,1526.88,1521.80,1529.44,1533.09,1511.75,1514.92,1532.35,1523.73,1539.17
25-70011631,서민재,67110,1540.20,18310,1528.42,18210,1543.68,,1,1536.09,1543.82,1537.70,1527.20,1536.92,1521.02,1522.25,1541.56,1527.86,1541.94,1542.90,1544.30,1546.67,1527.24,1522.75,1533.29,1524.85,1534.04,1538.22
25-70011632,김하준,67110,1539.14,18310,1541.06,18210,1536.25,,1,1537.54,1524.98,1516.67,1527.22,1515.70,1545.60,1523.84,1516.18,1511.02,1535.83,1535.48,1523.62,1512.87,1526.39,1522.45,1537.08,1534.23,1524.58,1518.72
25-70011633,강현우,67110,1517.10,18310,1531.80,18210,1549.39,,1,1549.52,1528.16,1537.53,1515.62,1529.42,1511.10,1530.22,1548.56,1525.37,1511.56,1511.24,1525.52,1516.40,1510.93,1540.25,1528.34,1521.57,1546.00,1514.65
25-70011634,서지훈,67110,1547.50,18310,1511.73,18210,1516.59,,1,1548.24,1522.56,1545.54,1534.12,1543.07,1549.36,1521.54,1548.45,1525.58,1525.42,1523.62,1531.66,1516.17,1532.15,1531.67,1540.48,1543.35,1527.62,1522.09
25-70011635,권서진,67110,1515.27,18310,1539.04,18210,1542.71,,1,1520.37,1517.78,1512.31,1523.70,1520.81,1548.66,1532.31,1523.89,1533.22,1515.57,1527.76,1535.05,1529.56,1526.07,1549.75,1545.21,1534.94,1532.78,1534.83
25-70011636,한시우,67110,1518.54,18310,1530.23,18210,1543.63,,1,1518.05,1525.81,1511.58,1529.02,1531.72,1519.11,1548.56,1546.38,1538.89,1531.34,1544.80,1515.23,1541.62,1514.99,1541.77,1521.03,1545.08,1547.76,1515.95
25-70011637,최도현,67110,1539.31,18310,1531.69,18210,1533.61,,1,1528.51,1549.24,1529.34,1544.54,1533.55,1525.01,1521.43,1518.13,1540.47,1525.46,1530.45,1529.69,1533.09,1544.62,1549.23,1526.30,1543.10,1540.58,1532.94
25-70011638,전유준,67110,1530.33,18310,1521.90,18210,1532.60,,1,1548.24,1518.02,1514.37,1544.16,1527.57,1543.88,1545.72,1512.50,1545.34,1527.93,1530.42,1535.06,1547.06,1510.76,1529.07,1537.51,1538.91,1537.70,1515.38
25-70011639,송건우,67110,1537.56,18310,1544.93,18210,1535.45,,1,1521.98,1524.35,1542.18,1521.15,1518.43,1548.30,1510.35,1549.91,1537.07,1543.14,1521.78,1510.57,1539.51,1543.37,1539.62,1515.71,1540.14,1540.76,1536.34
25-70011640,장민재,67110,1540.44,18310,1516.40,18210,1528.46,,1,1540.64,1543.84,1534.54,1513.54,1529.51,1513.11,1526.30,1526.28,1512.64,1523.95,1514.44,1542.33,1547.91,1512.89,1548.20,1530.90,1521.98,1513.07,1530.02
25-70011641,신건우,67110,1510.37,18310,1519.87,18210,1539.06,,1,1541.78,1538.28,1512.01,1512.92,1526.11,1521.81,1519.30,1521.24,1542.14,1547.17,1526.20,1546.24,1522.86,1529.06,1519.04,1535.62,1549.16,1534.14,1524.31
25-70011642,김도현,67110,1549.67,18310,1513.97,18210,1526.06,,1,1535.91,1514.92,1545.55,1530.12,1527.97,1533.43,1534.99,1512.87,1537.30,1519.68,1538.56,1542.90,1542.16,1532.10,1530.81,1515.72,1541.01,1520.86,1529.87
25-70011643,황준우,67110,1542.00,18310,1518.16,18210,1532.20,,1,1521.37,1515.35,1535.18,1512.17,1539.95,1522.70,1510.01,1530.45,1511.87,1521.05,1538.28,1512.51,1543.57,1510.15,1519.87,1539.64,1522.65,1514.08,1524.41
25-70011644,오준서,67110,1539.32,18310,1534.64,18210,1517.52,,1,1520.82,1543.71,1522.53,1541.56,1545.67,1527.35,1546.40,1525.09,1548.56,1513.57,1537.48,1529.75,1525.51,1535.31,1538.15,1510.17,1516.68,1538.52,1536.66
25-70011645,황지호,67110,1524.22,18310,1541.35,18210,1532.17,,1,1548.64,1540.44,1548.03,1538.10,1521.92,1514.21,1541.27,1535.77,1511.93,1524.40,1548.27,1530.02,1527.31,1528.31,1518.36,1524.75,1524.79,1512.09,1540.70
25-70011646,강현우,67110,1510.21,18310,1540.44,18210,1511.41,,1,1526.66,1542.89,1544.01,1518.48,1536.29,1528.89,1545.21,1518.63,1537.11,1534.31,1521.81,1515.46,1536.07,1539.54,1522.63,1535.79,1525.81,1538.53,1517.97
25-70011647,윤예준,67110,1539.83,18310,1518.10,18210,1548.32,,1,1545.61,1521.50,1524.71,1512.32,1514.46,1530.63,1520.70,1543.42,1510.59,1525.16,1523.49,1510.77,1514.97,1526.55,1529.71,1526.17,1531.24,1533.81,1510.40
25-70011648,윤현준,67110,1524.72,18310,1523.08,18210,1515.96,,1,1528.56,1548.54,1530.76,1537.10,1522.47,1540.96,1540.92,1530.85,1549.04,1515.02,1510.68,1540.81,1542.29,1514.81,1520.62,1510.70,1521.73,1540.93,1530.72
25-70011649,정지후,67110,1522.22,18310,1545.07,18210,1549.85,,1,1523.92,1524.87,1510.05,1521.99,1535.86,1548.97,1543.88,1510.94,1545.94,1541.33,1541.22,1528.32,1525.92,1522.12,1512.63,1519.13,1519.86,1529.36,1539.90
25-70011650,최민재,67110,1524.73,18310,1527.94,18210,1538.88,,1,1528.95,1512.31,1548.31,1547.71,1541.41,1549.65,1531.78,1548.51,1513.02,1524.63,1519.02,1517.83,1515.63,1534.90,1541.25,1533.13,1515.88,1542.44,1535.44
25-70011651,장민준,67110,1545.45,18310,1533.72,18210,1525.66,,1,1525.53,1536.97,1520.40,1523.81,1546.70,1521.62,1528.80,1545.61,1538.31,1512.49,1515.89,1510.31,1535.24,1527.91,1515.37,1548.32,1531.19,1519.68,1530.02
25-70011652,홍지훈,67110,1526.50,18310,1537.82,18210,1510.13,,1,1537.18,1513.05,1520.99,1542.28,1528.39,1531.86,1527.31,1511.76,1516.63,1527.82,1518.37,1512.00,1543.75,1549.25,1541.73,1544.15,1519.68,1548.43,1517.88
25-70011653,황지훈,67110,1534.78,18310,1524.22,18210,1541.77,,1,1548.06,1549.79,1538.47,1549.25,1532.78,1520.38,1527.48,1533.74,1512.92,1534.89,1549.25,1517.60,1541.70,1546.32,1547.75,1548.41,1530.86,1549.09,1540.29
25-70011654,신도현,67110,1513.72,18310,1533.53,18210,1529.24,,1,1516.47,1529.08,1538.73,1519.89,1535.62,1536.66,1516.51,1532.60,1540.87,1529.96,1510.48,1510.36,1524.28,1547.05,1519.15,1535.37,1518.88,1522.87,1543.92
25-70011655,강현준,67110,1535.69,18310,1512.59,18210,1533.20,,1,1539.15,1513.82,1527.15,1511.17,1529.24,1536.50,1514.74,1521.56,1525.91,1546.78,1549.73,1511.80,1540.44,1524.87,1525.70,1540.17,1546.74,1548.04,1533.08
25-70011656,전시우,67110,1532.46,18310,1532.43,18210,1534.14,,1,1524.28,1541.50,1520.04,1532.56,1524.34,1536.27,1519.62,1517.66,1546.73,1514.07,1530.24,1518.83,1511.56,1511.44,1517.01,1544.67,1521.30,1548.02,1533.26
25-70011657,권서준,67110,1537.06,18310,1542.20,18210,1520.79,,1,1527.46,1533.20,1530.67,1540.35,1521.30,1524.12,1545.76,1547.86,1545.70,1526.78,1541.21,1529.05,1529.90,1518.19,1533.65,1517.45,1523.26,1544.20,1518.28
25-70011658,임현준,67110,1543.00,18310,1529.93,18210,1513.08,,1,1512.85,1512.76,1547.63,1530.28,1526.38,1542.44,1543.43,1523.29,1537.74,1540.84,1536.19,1516.06,1545.04,1531.56,1521.30,1527.01,1511.50,1515.11,1540.62
25-70011659,서시우,67110,1512.34,18310,1523.37,18210,1541.40,,1,1510.00,1526.66,1530.90,1512.19,1548.92,1519.05,1522.17,1522.16,1519.22,1510.06,1539.17,1548.67,1518.97,1536.52,1539.68,1543.94,1526.91,1522.12,1523.01
25-70011660,김민준,67110,1538.31,18310,1541.54,18210,1530.69,,1,1538.50,1542.67,1517.26,1524.84,1546.08,1542.27,1549.39,1540.17,1525.73,1533.63,1536.44,1513.14,1531.78,1538.37,1516.69,1541.23,1533.35,1548.09,1511.70
25-70011661,송건우,67110,1527.61,18310,1515.90,18210,1523.13,,1,1520.61,1534.06,1521.86,1538.58,1540.36,1514.10,1530.55,1530.36,1524.77,1547.32,1543.10,1537.89,1538.57,1528.47,1546.84,1537.78,1539.16,1544.47,1520.96
25-70011662,안준우,67110,1527.36,18310,1513.54,18210,1518.82,,1,1542.28,1517.81,1523.81,1523.42,1549.14,1544.26,1538.05,1539.08,1532.48,1547.88,1529.85,1525.22,1516.52,1541.45,1539.38,1525.37,1511.01,1543.56,1510.46
25-70011663,안지훈,67110,1533.93,18310,1539.43,18210,1549.93,,1,1538.15,1548.81,1527.51,1519.40,1538.19,1542.69,1531.86,1548.68,1512.07,1530.19,1538.74,1544.51,1517.17,1542.00,1532.11,1525.86,1515.27,1544.61,1516.29
25-70011664,김서준,67110,1547.32,18310,1535.70,18210,1526.85,,1,1522.39,1521.60,1544.86,1536.91,1541.87,1520.02,1534.99,1532.87,1543.31,1546.24,1510.49,1536.96,1512.07,1531.95,1521.51,1522.27,1524.12,1534.85,1523.36
25-70011665,장도현,67110,1535.45,18310,1541.43,18210,1514.73,,1,1539.31,1526.18,1512.73,1541.35,1521.43,1527.31,1537.42,1523.30,1512.26,1524.96,1547.78,1535.67,1536.86,1535.29,1517.96,1526.73,1540.04,1514.05,1521.11
25-70011666,김서진,67110,1526.40,18310,1543.59,18210,1525.35,,1,1521.05,1527.28,1549.21,1512.70,1530.75,1517.17,1548.83,1514.53,1526.14,1539.52,1538.18,1526.91,1523.86,1525.90,1520.57,1518.21,1529.32,1520.74,1521.50
25-70011667,강민재,67110,1532.87,18310,1533.51,18210,1517.38,,1,1536.27,1548.74,1534.15,1513.08,1513.02,1548.06,1521.89,1513.68,1533.96,1534.95,1535.94,1520.70,1510.60,1548.60,1520.04,1537.04,1538.27,1534.40,1522.52
25-70011668,정시우,67110,1524.49,18310,1523.38,18210,1511.05,,1,1520.84,1533.91,1544.64,1547.87,1514.24,1516.19,1547.79,1539.46,1545.32,1518.11,1533.50,1538.05,1537.20,1526.33,1510.62,1533.32,1520.12,1528.01,1548.30
25-70011669,강도현,67110,1510.97,18310,1543.27,18210,1520.92,,1,1525.96,1543.59,1517.54,1536.90,1549.08,1514.08,1510.33,1527.34,1513.71,1539.94,1546.58,1527.36,1520.35,1527.38,1538.94,1510.36,1533.58,1534.53,1535.51
25-70011670,정시우,67110,1530.72,18310,1521.95,18210,1547.63,,1,1519.68,1538.56,1513.66,1517.97,1545.10,1539.55,1510.55,1519.94,1518.58,1520.83,1519.90,1512.50,1528.36,1539.31,1534.27,1536.91,1513.25,1548.06,1543.54
25-70011671,임준서,67110,1520.37,18310,1527.19,18210,1544.91,,1,1542.20,1542.92,1547.31,1531.77,1518.01,1534.67,1539.72,1539.52,1530.86,1512.74,1524.84,1546.83,1533.38,1531.53,1520.75,1524.74,1545.81,1536.66,1541.50
25-70011672,전민재,67110,1543.68,18310,1517.44,18210,1542.11,1,,1528.17,1535.21,1519.94,1538.22,1527.10,1527.70,1535.97,1547.45,1512.56,1542.99,1521.70,1527.76,1510.88,1522.04,1530.11,1512.25,1529.64,1547.08,1514.22
25-70011673,신지후,67110,1528.33,18310,1529.32,18210,1515.34,1,,1540.58,1526.39,1536.21,1520.41,1516.38,1516.42,1512.82,1517.43,1536.57,1545.27,1542.57,1537.41,1514.42,1521.57,1522.39,1520.00,1530.60,1531.42,1524.28
25-70011674,신민준,67110,1513.22,18310,1539.12,18210,1529.86,1,,1524.15,1543.14,1541.57,1522.31,1546.55,1548.11,1523.07,1524.18,1530.23,1547.64,1545.05,1514.10,1525.71,1532.13,1530.13,1517.75,1544.35,1537.08,1543.52
25-70011675,전지훈,67110,1527.47,18310,1539.18,18210,1540.62,1,,1544.35,1539.93,1527.57,1534.42,1516.41,1536.95,1517.17,1537.76,1519.18,1514.70,1516.61,1510.08,1538.75,1539.30,1530.60,1516.45,1513.34,1510.77,1516.63
25-70011676,서예준,67110,1516.36,18310,1534.41,18210,1515.41,1,,1545.63,1519.66,1524.17,1514.21,1518.89,1530.77,1534.31,1519.81,1512.31,1525.64,1519.37,1518.78,1548.39,1534.65,1532.28,1526.63,1527.16,1531.64,1537.86
25-70011677,김민재,67110,1540.06,18310,1536.28,18210,1548.26,1,,1538.09,1516.87,1530.00,1526.48,1544.82,1535.26,1531.30,1514.62,1534.23,1514.69,1523.49,1515.71,1537.68,1518.25,1525.67,1545.83,1518.17,1530.31,1526.77
25-70011678,윤서준,67110,1512.76,18310,1512.28,18210,1521.29,1,,1510.72,1541.71,1512.76,1528.97,1532.43,1535.14,1537.55,1520.13,1510.40,1538.94,1531.43,1543.44,1542.86,1543.73,1529.40,1523.35,1541.66,1528.05,1517.34
25-70011679,윤주원,67110,1520.47,18310,1519.88,18210,1546.25,1,,1544.20,1545.30,1528.65,1513.03,1525.51,1542.14,1546.07,1518.14,1512.68,1545.09,1525.58,1531.67,1548.72,1512.66,1535.93,1512.96,1525.02,1542.15,1527.34
25-70011680,이도현,67110,1519.98,18310,1520.88,18210,1540.38,1,,1549.89,1532.36,1522.85,1518.80,1524.02,1524.90,1512.75,1524.78,1528.57,1538.91,1536.27,1538.35,1510.33,1518.71,1536.47,1529.36,1510.21,1542.18,1540.91
25-70011681,송현우,67110,1527.99,18310,1541.07,18210,1512.61,1,,1531.94,1512.66,1540.66,1533.35,1541.28,1540.07,1542.12,1530.72,1515.61,1536.85,1534.82,1539.69,1516.80,1517.80,1545.62,1540.00,1546.33,1540.35,1533.89
