군번,이름,1지망 특기번호,1지망 점수,2지망 특기번호,2지망 점수,3지망 특기번호,3지망 점수,색맹 여부,아토피 여부,16110,17110,18110,18111,18210,18310,25110,46110,46111,46112,46210,55110,55610,55910,67110,70110,80110,80210,81110
25-70011358,라파엘라파,16110,699041,18310,505311,55110,603355,,,,,,,,,,,,,,,,,,,,,
25-70011359,오현우,80210,641699,17110,508792,18310,674073,,,,,,,,,,,,,,,,,,,,,
25-70011360,이연우,55910,676830,70110,696769,18210,537065,,,,,,,,,,,,,,,,,,,,,
25-70011361,신우진,80110,538044,18110,551214,70110,692300,1,,540774,502568,620151,693664,698635,633767,624375,679262,636330,539504,664231,513986,561858,629312,512666,538660,634633,526854,564505
25-70011362,장주원,70110,658338,18111,684064,46210,598806,,,,,,,,,,,,,,,,,,,,,
25-70011363,조지후,18310,575450,17110,593426,80110,617845,,,,,,,,,,,,,,,,,,,,,
25-70011364,임도현,70110,592787,18210,627948,17110,555016,,,,,,,,,,,,,,,,,,,,,
25-70011365,강지호,70110,654736,80210,567172,67110,593264,,,,,,,,,,,,,,,,,,,,,
25-70011366,이서준,46110,698935,67110,606308,55610,683155,,,,,,,,,,,,,,,,,,,,,
25-70011367,한우진,80210,639752,46110,584896,55910,571295,,,,,,,,,,,,,,,,,,,,,
25-70011368,윤민준,55910,674088,67110,507400,70110,617858,,,,,,,,,,,,,,,,,,,,,
25-70011369,황도윤,46112,692207,55610,550108,55110,612296,,,,,,,,,,,,,,,,,,,,,
25-70011370,최민준,55610,650810,18111,530746,17110,549377,,,,,,,,,,,,,,,,,,,,,
25-70011371,김건우,46111,615294,46110,697307,17110,685312,1,,641564,615668,506102,681408,618015,526641,665656,663817,654165,697177,603746,682957,536631,572991,504014,511093,518070,535777,556958
25-70011372,임서준,55910,610627,67110,570316,70110,502368,1,,570031,587922,686838,624046,644475,532097,642038,624862,618834,593848,552921,680798,626141,681372,522677,555609,687733,531024,570313
25-70011373,강건우,70110,517019,17110,583613,80110,586672,,,,,,,,,,,,,,,,,,,,,
25-70011374,전시우,67110,567215,55610,569042,18111,644356,,1,593468,692461,509435,685412,675150,578832,551293,578781,691475,660196,543919,666319,621172,594758,693824,556573,559101,526646,604185
25-70011375,임시우,46210,649143,18310,690347,67110,511938,,,,,,,,,,,,,,,,,,,,,
25-70011376,김현준,25110,646377,80210,575353,18310,565953,,,,,,,,,,,,,,,,,,,,,
25-70011377,조예준,80110,696582,18310,665983,17110,690103,,,,,,,,,,,,,,,,,,,,,
25-70011378,정현우,46112,666342,17110,559163,46210,551934,,,,,,,,,,,,,,,,,,,,,
25-70011379,전건우,80110,588461,67110,626174,55610,603033,,,,,,,,,,,,,,,,,,,,,
25-70011380,한준우,18210,588092,55910,554693,18111,526962,,,,,,,,,,,,,,,,,,,,,
25-70011381,서민준,67110,503709,46110,623961,17110,530355,,1,644188,656542,673416,542918,552224,539298,580219,561629,566040,528016,523960,533591,603333,614821,698713,536395,629695,653772,534620
25-70011382,권우진,55110,638186,81110,578859,46110,599657,,,,,,,,,,,,,,,,,,,,,
25-70011383,윤하준,55610,557043,25110,666619,55910,597007,,,,,,,,,,,,,,,,,,,,,
25-70011384,신도윤,18111,628778,55610,562292,18110,523833,,,,,,,,,,,,,,,,,,,,,
25-70011385,안도현,80210,510916,18111,504809,46110,663273,,,,,,,,,,,,,,,,,,,,,
25-70011386,신지후,18110,594074,55110,663121,67110,537131,,,,,,,,,,,,,,,,,,,,,
25-70011387,오시우,16110,525934,46112,654458,46111,692958,,,,,,,,,,,,,,,,,,,,,
25-70011388,강민준,18110,569836,25110,604573,46111,667658,,,,,,,,,,,,,,,,,,,,,
25-70011389,한현준,80210,621465,16110,642386,17110,655026,,,,,,,,,,,,,,,,,,,,,
25-70011390,송준서,55610,595257,18111,564291,46110,690471,,,,,,,,,,,,,,,,,,,,,
25-70011391,홍건우,18111,605977,81110,588869,16110,605186,,,,,,,,,,,,,,,,,,,,,
25-70011392,정준서,70110,637443,46110,526069,80210,512910,,,,,,,,,,,,,,,,,,,,,
25-70011393,안현우,18110,501605,55910,572303,80110,658211,,,,,,,,,,,,,,,,,,,,,
25-70011394,장도윤,80110,500846,46112,510954,25110,579239,,,,,,,,,,,,,,,,,,,,,
25-70011395,서현우,17110,520128,46110,623781,25110,690455,,1,587958,640937,633291,539809,616748,505287,665459,508512,632414,694148,608872,650288,593070,579767,597829,657686,667330,542078,606288
25-70011396,정현우,46112,588861,70110,586740,67110,515524,,,,,,,,,,,,,,,,,,,,,
25-70011397,신예준,81110,592263,18111,635090,55110,511302,,1,554917,596646,583122,524519,687891,580910,620430,571324,505408,559379,525053,640518,631994,598723,551356,510789,597720,566656,544028
25-70011398,정민준,46111,601195,80210,634828,18110,520609,1,,670738,575683,624714,630330,571315,577834,626205,514153,576325,644071,555318,631886,615033,576077,590474,633515,573319,625885,609777
25-70011399,김건우,46112,675399,80210,699976,18110,634869,,,,,,,,,,,,,,,,,,,,,
25-70011400,김지훈,80110,539224,46112,597945,17110,513224,,1,563731,680760,639649,508070,626161,508666,557761,536368,637855,541914,627738,567526,676837,519956,546240,621008,668220,594270,504757
25-70011401,송선우,46210,502079,17110,633789,67110,559676,,,,,,,,,,,,,,,,,,,,,
25-70011402,황지호,46112,540806,46110,548770,18210,578623,,,,,,,,,,,,,,,,,,,,,
25-70011403,전지훈,81110,539986,18111,655232,18310,585595,,,,,,,,,,,,,,,,,,,,,
25-70011404,이도윤,46110,644931,80210,681532,55110,662491,,,,,,,,,,,,,,,,,,,,,
25-70011405,김건우,80210,648843,46111,661047,55910,676720,,,,,,,,,,,,,,,,,,,,,
25-70011406,신선우,46210,626678,16110,574532,18210,581994,,,,,,,,,,,,,,,,,,,,,
25-70011407,임예준,55910,677900,46110,547924,80110,574182,,,,,,,,,,,,,,,,,,,,,
25-70011408,안지훈,55110,504853,80210,620900,46111,652864,,,,,,,,,,,,,,,,,,,,,
25-70011409,권연우,46112,583559,80210,555337,18111,610616,,,,,,,,,,,,,,,,,,,,,
25-70011410,박민재,67110,651563,18111,632413,46110,675695,,,,,,,,,,,,,,,,,,,,,
25-70011411,윤선우,18111,519541,80210,594457,80110,544813,,1,524070,642194,580559,541786,637809,536062,685309,551571,525510,519426,537265,648922,566150,587312,589613,574910,552375,621826,535435
25-70011412,서서준,81110,579273,67110,574859,17110,610017,1,,683465,697153,625341,529430,527788,679615,644991,569346,596122,539974,607309,516371,545084,660701,682256,561916,573972,693259,512984
25-70011413,황현우,46210,666472,55110,635566,80110,622744,,,,,,,,,,,,,,,,,,,,,
25-70011414,오시우,81110,541844,55110,564754,80110,665229,,,,,,,,,,,,,,,,,,,,,
25-70011415,이지후,55610,656497,46210,657757,55910,612855,,,,,,,,,,,,,,,,,,,,,
25-70011416,박하준,25110,525931,81110,594377,18310,529192,,,,,,,,,,,,,,,,,,,,,
25-70011417,정준우,18110,584082,25110,650201,80210,628322,,,,,,,,,,,,,,,,,,,,,
25-70011418,이지호,70110,548874,46210,549708,80210,574553,,,,,,,,,,,,,,,,,,,,,
25-70011419,임준서,18310,632079,18110,576242,81110,678589,1,,673279,644353,561246,501435,591357,657732,636156,644579,583807,676611,615953,638563,681264,623797,563888,573609,509077,520953,614682
25-70011420,송민재,46112,511745,55610,526029,18210,644097,,,,,,,,,,,,,,,,,,,,,
25-70011421,안도윤,80210,597883,18210,533756,46112,553268,,,,,,,,,,,,,,,,,,,,,
25-70011422,정연우,46110,521563,55610,670413,55910,615672,,,,,,,,,,,,,,,,,,,,,
25-70011423,윤건우,46210,565455,46111,574744,67110,629749,,,,,,,,,,,,,,,,,,,,,
25-70011424,이지호,25110,674480,70110,539499,67110,625816,,,,,,,,,,,,,,,,,,,,,
25-70011425,권우진,25110,552326,18110,608737,55910,654470,,,,,,,,,,,,,,,,,,,,,
25-70011426,송건우,67110,634461,80110,656755,18210,644701,,,,,,,,,,,,,,,,,,,,,
25-70011427,조준우,46210,657817,55610,662962,55110,651094,,,,,,,,,,,,,,,,,,,,,
25-70011428,서지호,18111,612340,70110,559321,55910,632028,,,,,,,,,,,,,,,,,,,,,
25-70011429,정예준,16110,542229,81110,586652,18310,628267,,,,,,,,,,,,,,,,,,,,,
25-70011430,송지호,55110,598317,80110,535046,55910,678136,,,,,,,,,,,,,,,,,,,,,
25-70011431,조하준,55910,576367,46112,620585,67110,576619,,,,,,,,,,,,,,,,,,,,,
25-70011432,김시우,17110,649381,25110,631691,18110,681180,1,,581537,697576,678686,591155,500281,658492,670102,632130,576260,659476,660928,640272,564178,533997,656683,619273,672307,666129,632311
25-70011433,한서준,18210,623008,16110,654268,55610,605823,,,,,,,,,,,,,,,,,,,,,
25-70011434,권건우,25110,662962,18310,579134,18210,547055,,,,,,,,,,,,,,,,,,,,,
25-70011435,황시우,55910,504114,46110,696037,25110,536321,,,,,,,,,,,,,,,,,,,,,
25-70011436,장현준,17110,639999,67110,593680,70110,596546,,,,,,,,,,,,,,,,,,,,,
25-70011437,한도윤,55110,635832,25110,532779,46210,521636,,,,,,,,,,,,,,,,,,,,,
25-70011438,정건우,55910,639978,55610,536914,16110,610350,,,,,,,,,,,,,,,,,,,,,
25-70011439,서현준,55610,586365,46111,614014,46112,675211,,,,,,,,,,,,,,,,,,,,,
25-70011440,서주원,70110,654741,81110,665140,46210,640507,,,,,,,,,,,,,,,,,,,,,
25-70011441,장건우,46111,581571,18310,696553,55110,699648,,,,,,,,,,,,,,,,,,,,,
25-70011442,정건우,46210,688856,46110,507421,46112,517727,,1,565108,594018,624457,663189,531910,626888,555754,693510,609847,660443,682573,692018,538467,648697,533893,576329,531007,670604,554253
25-70011443,최지호,70110,536378,46112,635327,55110,645556,,,,,,,,,,,,,,,,,,,,,
25-70011444,윤민재,46111,595673,46110,692035,55610,542828,,,,,,,,,,,,,,,,,,,,,
25-70011445,권우진,81110,598452,17110,644467,46210,621237,,1,591878,504895,619968,615700,576559,510699,696133,509715,519169,618413,647235,619264,505782,624481,535585,530682,678936,629992,584416
25-70011446,한도윤,46111,545033,46112,563133,25110,573861,,1,531750,540461,578222,612020,524226,506721,687226,520609,683202,630513,604211,686321,679967,636728,624865,574520,694812,564309,529984
25-70011447,최지훈,46210,517347,46112,647992,46110,531822,,,,,,,,,,,,,,,,,,,,,
25-70011448,오도현,18111,680913,81110,677404,46110,619863,,,,,,,,,,,,,,,,,,,,,
25-70011449,전지후,70110,557009,46112,646494,17110,673540,,,,,,,,,,,,,,,,,,,,,
25-70011450,박주원,16110,636614,18111,560428,46110,653812,,,,,,,,,,,,,,,,,,,,,
25-70011451,서민재,55910,572930,67110,645128,46110,528380,,,,,,,,,,,,,,,,,,,,,
25-70011452,강준서,18110,627734,18310,659674,55110,551399,,,,,,,,,,,,,,,,,,,,,
25-70011453,안도현,18310,675929,17110,641214,18111,615053,,,,,,,,,,,,,,,,,,,,,
25-70011454,홍건우,18111,682051,80110,597661,55910,638051,,,,,,,,,,,,,,,,,,,,,
25-70011455,장민재,80110,555419,25110,680217,18110,605432,,,,,,,,,,,,,,,,,,,,,
25-70011456,홍연우,80210,579751,18111,598605,55610,654983,,,,,,,,,,,,,,,,,,,,,
25-70011457,오준우,55110,508706,46112,508894,46111,649109,,,,,,,,,,,,,,,,,,,,,
25-70011458,조현우,55610,665268,46210,667807,46111,580102,,,,,,,,,,,,,,,,,,,,,
25-70011459,이지후,18110,617322,18210,667823,67110,600082,,,,,,,,,,,,,,,,,,,,,
25-70011460,강현준,16110,604195,70110,692699,55910,533848,,,,,,,,,,,,,,,,,,,,,
25-70011461,안주원,55610,568926,16110,637069,46210,555506,1,,542092,562539,697149,652889,668933,513428,675006,641330,557775,505469,528854,637328,576256,665009,599134,632723,681360,584730,656123
25-70011462,권준우,46112,546850,18110,554220,46110,593808,,,,,,,,,,,,,,,,,,,,,
25-70011463,서하준,46111,660381,80210,646150,18310,687686,,,,,,,,,,,,,,,,,,,,,
25-70011464,김예준,16110,603302,18110,631234,25110,665814,,,,,,,,,,,,,,,,,,,,,
25-70011465,임우진,25110,530682,81110,624302,46210,645361,,,,,,,,,,,,,,,,,,,,,
25-70011466,한연우,80110,688786,18310,587896,18111,562292,,,,,,,,,,,,,,,,,,,,,
25-70011467,장민준,80110,586544,18210,698241,55610,550669,,,,,,,,,,,,,,,,,,,,,
25-70011468,김준서,16110,690706,80110,600158,81110,510800,,,,,,,,,,,,,,,,,,,,,
25-70011469,조연우,25110,653335,80210,513565,55610,651426,,,,,,,,,,,,,,,,,,,,,
25-70011470,김준서,67110,557828,55910,638311,16110,506710,,,,,,,,,,,,,,,,,,,,,
25-70011471,권우진,46210,589087,81110,696103,18210,533380,,,,,,,,,,,,,,,,,,,,,
25-70011472,황준우,70110,501283,80210,533691,55610,632197,,,,,,,,,,,,,,,,,,,,,
25-70011473,정도윤,46110,683214,25110,657547,81110,649960,,,,,,,,,,,,,,,,,,,,,
25-70011474,이도윤,46110,671790,46112,532602,46210,689139,,,,,,,,,,,,,,,,,,,,,
25-70011475,이서준,18210,555077,80110,612782,46210,602932,1,,681172,609869,639251,548781,686339,655024,553798,598696,550939,529516,687598,641521,550290,626688,586661,572954,522746,567990,558810
25-70011476,이지훈,46112,652850,70110,655336,25110,690747,1,,679526,528365,679272,511002,513947,594840,616219,578610,552142,556307,635565,550085,534228,682947,662727,543472,549437,680488,559711
25-70011477,김연우,55610,523567,18310,535292,80110,574813,,,,,,,,,,,,,,,,,,,,,
25-70011478,오도윤,18310,559871,46110,532174,17110,637653,,,,,,,,,,,,,,,,,,,,,
25-70011479,권건우,16110,517569,80210,511190,46112,562824,,,,,,,,,,,,,,,,,,,,,
25-70011480,강하준,25110,583375,70110,687116,17110,694387,,,,,,,,,,,,,,,,,,,,,
25-70011481,서하준,18310,682024,55610,636535,46111,570448,,,,,,,,,,,,,,,,,,,,,
25-70011482,전주원,81110,653504,17110,695161,55110,686470,,,,,,,,,,,,,,,,,,,,,
25-70011483,정지호,46111,599239,18310,578931,46110,602112,,,,,,,,,,,,,,,,,,,,,
25-70011484,전건우,18210,560058,55910,562068,18111,599932,1,,637103,522785,659741,594475,502282,665696,679510,567534,662777,669316,574964,668509,619006,550583,538392,507461,600123,510516,648586
25-70011485,송예준,70110,566677,67110,583555,46210,628379,,,,,,,,,,,,,,,,,,,,,
25-70011486,조서준,67110,511120,55610,639839,70110,522852,,,,,,,,,,,,,,,,,,,,,
25-70011487,황연우,80210,507597,55910,547093,81110,668298,,,,,,,,,,,,,,,,,,,,,
25-70011488,임현준,46111,525372,46110,561516,16110,520538,,,,,,,,,,,,,,,,,,,,,
25-70011489,홍선우,46112,630544,55910,500340,81110,675021,,,,,,,,,,,,,,,,,,,,,
25-70011490,오준우,18310,675767,81110,584754,55910,577988,,,,,,,,,,,,,,,,,,,,,
25-70011491,윤시우,25110,546099,55110,698568,46110,566093,1,,513893,566418,625074,603065,630351,691083,538635,687187,595071,578518,606233,603651,572805,690026,659136,622813,579063,502454,520878
25-70011492,한현준,67110,602239,46112,611431,70110,580018,,,,,,,,,,,,,,,,,,,,,
25-70011493,박시우,46112,552887,16110,581442,80110,549847,,,,,,,,,,,,,,,,,,,,,
25-70011494,권도윤,46210,638367,17110,672232,46111,511390,,,,,,,,,,,,,,,,,,,,,
25-70011495,박서준,80210,659292,16110,522031,80110,580807,,1,643521,589833,687771,611041,616185,677164,694743,510350,600859,568487,648694,623853,553117,689466,601084,523782,528454,567904,629936
25-70011496,장도현,16110,621534,46111,584227,18110,687450,,,,,,,,,,,,,,,,,,,,,
25-70011497,송현우,18210,653512,18111,666277,70110,580811,,,,,,,,,,,,,,,,,,,,,
25-70011498,한민준,80210,670201,25110,562368,55610,592122,,,,,,,,,,,,,,,,,,,,,
25-70011499,임건우,67110,545968,17110,517508,55910,653077,,,,,,,,,,,,,,,,,,,,,
25-70011500,장도윤,80210,618581,55610,627927,18310,534773,,,,,,,,,,,,,,,,,,,,,
25-70011501,서도현,46210,664074,55110,526672,80110,504213,,,,,,,,,,,,,,,,,,,,,
25-70011502,오건우,70110,655159,25110,512828,80110,692682,,,,,,,,,,,,,,,,,,,,,
25-70011503,강민준,81110,569561,18110,551955,18111,561240,,,,,,,,,,,,,,,,,,,,,
25-70011504,황우진,17110,606984,55110,502204,80110,592769,,,,,,,,,,,,,,,,,,,,,
25-70011505,서건우,55910,663865,55610,613688,46112,546473,,,,,,,,,,,,,,,,,,,,,
25-70011506,전준우,17110,536081,18210,642105,25110,608272,,,,,,,,,,,,,,,,,,,,,
25-70011507,홍연우,80110,567468,18110,675326,18111,567293,,,,,,,,,,,,,,,,,,,,,
25-70011508,강지호,55910,576221,70110,589080,46112,505451,,,,,,,,,,,,,,,,,,,,,
25-70011509,송현준,46112,510211,55910,611086,70110,694141,,,,,,,,,,,,,,,,,,,,,
25-70011510,조선우,25110,583596,46210,566732,16110,643369,,,,,,,,,,,,,,,,,,,,,
25-70011511,이현준,46110,636028,55910,566641,55610,563811,,,,,,,,,,,,,,,,,,,,,
25-70011512,김도현,80210,546002,55910,549812,18110,653698,,,,,,,,,,,,,,,,,,,,,
25-70011513,전현준,18110,670536,18310,673423,46210,593330,,,,,,,,,,,,,,,,,,,,,
25-70011514,신지훈,18310,637686,55110,507415,80210,674956,1,,537044,688221,668616,549976,663324,503832,534148,692312,612230,585076,684531,538402,688799,538578,590453,653390,575715,611435,651538
25-70011515,최건우,80110,502708,16110,518375,55910,515088,,,,,,,,,,,,,,,,,,,,,
25-70011516,임준서,81110,633682,67110,577603,46110,533872,,,,,,,,,,,,,,,,,,,,,
25-70011517,이지호,18111,697971,46110,542291,46210,666132,,,,,,,,,,,,,,,,,,,,,
25-70011518,안현우,46110,526400,18210,681517,46111,570305,,,,,,,,,,,,,,,,,,,,,
25-70011519,최현준,17110,501481,55610,556408,46111,621950,,,,,,,,,,,,,,,,,,,,,
25-70011520,이현준,46111,559722,18310,592036,67110,647595,,,,,,,,,,,,,,,,,,,,,
25-70011521,김시우,55110,676342,70110,575277,55610,604245,,,,,,,,,,,,,,,,,,,,,
25-70011522,홍민재,25110,645328,18110,618490,80110,626155,1,,559778,545833,522625,532088,672239,603937,696375,576361,588229,635189,590265,597718,560710,594876,698126,530949,653619,568136,611541
25-70011523,홍현우,25110,518689,55610,529084,80110,540387,,,,,,,,,,,,,,,,,,,,,
25-70011524,임건우,18210,576872,80210,581132,18310,502093,,,,,,,,,,,,,,,,,,,,,
25-70011525,강우진,55610,590009,55910,699570,16110,661015,,,,,,,,,,,,,,,,,,,,,
25-70011526,한지후,55110,619729,81110,527586,70110,553053,,,,,,,,,,,,,,,,,,,,,
25-70011527,한우진,18210,674588,55110,660133,55610,655242,,,,,,,,,,,,,,,,,,,,,
25-70011528,안민준,70110,573233,25110,655489,81110,581982,,,,,,,,,,,,,,,,,,,,,
25-70011529,한도현,67110,600336,46112,666601,46111,613499,,,,,,,,,,,,,,,,,,,,,
25-70011530,조도윤,18310,633663,80110,679588,46112,591683,,,,,,,,,,,,,,,,,,,,,
25-70011531,안준서,18111,516322,55910,613053,46112,506968,1,,690920,611900,593422,501700,593782,523199,675661,663187,693006,685388,505520,609814,667527,623364,672677,514955,675121,644989,564925
25-70011532,안준우,16110,602811,55610,554935,18210,622439,,,,,,,,,,,,,,,,,,,,,
25-70011533,장건우,25110,570463,55910,593500,67110,537158,,1,571696,561510,620076,558692,630841,692816,515810,636198,661081,611718,590932,500192,536413,643888,539082,565048,623130,550940,663202
25-70011534,권준우,18111,630830,80110,504994,17110,504234,1,,537405,534872,542215,523185,674514,682831,541153,577535,633653,551717,502763,592910,555480,669831,618094,656379,511064,576848,537548
25-70011535,송서준,16110,630526,17110,609162,18210,620927,1,,568842,533665,509277,673311,678736,548008,514683,631742,648961,686684,675607,578542,554319,592067,652711,695784,647705,665732,568975
25-70011536,서주원,55910,697097,46112,544516,17110,587796,,,,,,,,,,,,,,,,,,,,,
25-70011537,임현우,18210,611249,55110,507485,70110,662527,,,,,,,,,,,,,,,,,,,,,
25-70011538,강건우,70110,655103,46110,625814,46111,668773,,,,,,,,,,,,,,,,,,,,,
25-70011539,정연우,46210,675607,46112,647175,25110,598046,,,,,,,,,,,,,,,,,,,,,
25-70011540,윤도현,80110,611603,55110,561114,46112,525525,,,,,,,,,,,,,,,,,,,,,
25-70011541,황도윤,81110,570014,80210,639282,67110,641994,,,,,,,,,,,,,,,,,,,,,
25-70011542,한연우,46112,656685,46111,514026,18310,684607,,,,,,,,,,,,,,,,,,,,,
25-70011543,송민재,80110,561169,80210,654542,17110,629744,,,,,,,,,,,,,,,,,,,,,
25-70011544,신민재,55610,650245,81110,684099,46111,523989,,,,,,,,,,,,,,,,,,,,,
25-70011545,윤현우,80210,503327,17110,620318,46111,660840,,,,,,,,,,,,,,,,,,,,,
25-70011546,홍시우,55910,591036,18110,587954,17110,665386,,,,,,,,,,,,,,,,,,,,,
25-70011547,조현우,80110,646480,16110,689052,25110,516351,,,,,,,,,,,,,,,,,,,,,
25-70011548,최민재,80210,525566,70110,573193,46111,661206,1,,621015,672257,630956,570744,533455,659090,554219,545991,573616,587438,616841,640558,669934,558870,586694,543856,601407,531379,564729
25-70011549,송도현,67110,534700,18210,623728,46210,698640,,,,,,,,,,,,,,,,,,,,,
25-70011550,전도현,46112,508597,67110,629631,17110,563909,,,,,,,,,,,,,,,,,,,,,
25-70011551,윤하준,80110,511669,46110,621219,70110,684844,,,,,,,,,,,,,,,,,,,,,
25-70011552,임민재,67110,685100,55110,613892,70110,571128,,,,,,,,,,,,,,,,,,,,,
25-70011553,이민재,46112,547574,46111,674463,55910,621757,,,,,,,,,,,,,,,,,,,,,
25-70011554,홍지후,18210,552265,55910,516061,25110,689298,,,,,,,,,,,,,,,,,,,,,
25-70011555,한선우,67110,523666,55610,558817,46112,591198,1,,541830,510234,557616,509221,642482,692485,501051,610529,576918,578116,622226,687635,544757,621008,682329,631379,556889,699967,535944
25-70011556,최지훈,46111,623802,80210,561576,18210,543919,,,,,,,,,,,,,,,,,,,,,
25-70011557,신도현,18310,692971,70110,643464,16110,544724,,,,,,,,,,,,,,,,,,,,,
25-70011558,권서준,46112,665884,81110,593664,55610,677011,,,,,,,,,,,,,,,,,,,,,
25-70011559,권지훈,81110,553592,46111,638419,46112,533776,,1,635370,570204,586207,600356,686233,560652,665556,629572,520922,665100,651388,576996,648040,530266,655072,645083,502866,612669,505898
25-70011560,오현우,16110,621688,55910,615584,18111,685782,,,,,,,,,,,,,,,,,,,,,
25-70011561,정건우,67110,639920,55910,578672,18111,566125,,,,,,,,,,,,,,,,,,,,,
25-70011562,박지훈,46111,697014,55110,572920,25110,522553,,,,,,,,,,,,,,,,,,,,,
25-70011563,홍하준,46110,611023,17110,641355,81110,649351,,,,,,,,,,,,,,,,,,,,,
25-70011564,안주원,81110,614527,46111,636385,17110,644670,,1,528807,676298,559550,503558,550113,552999,686950,667415,558219,666258,668038,664841,553218,519229,575209,527877,689073,597137,538084
25-70011565,조서준,80110,640489,18110,689651,16110,568207,,,,,,,,,,,,,,,,,,,,,
25-70011566,박준서,46112,584726,25110,658458,17110,662793,1,,556635,633195,590710,562993,612752,656488,632886,578537,550258,647580,585166,613710,535699,546335,546806,577853,694840,535739,534785
25-70011567,서우진,18310,540149,16110,586700,46110,658598,,1,628447,699549,505695,539169,547947,678296,545865,656625,604501,560410,603754,590895,655888,686098,550705,692994,615700,573914,501881
25-70011568,황하준,16110,532006,46110,531422,55610,616590,,,,,,,,,,,,,,,,,,,,,
25-70011569,윤현우,18310,593846,46112,522927,55910,620589,,,,,,,,,,,,,,,,,,,,,
25-70011570,서연우,46110,504926,17110,503969,16110,535733,,1,630193,670948,607445,520323,516428,534578,586486,564140,607325,583829,506364,628867,666421,631763,595598,697539,676968,557062,644933
25-70011571,강연우,18110,620617,16110,539560,46112,553865,,,,,,,,,,,,,,,,,,,,,
25-70011572,최현준,55110,657699,70110,683622,67110,612025,,,,,,,,,,,,,,,,,,,,,
25-70011573,오선우,70110,573034,80110,604940,55910,540130,,,,,,,,,,,,,,,,,,,,,
25-70011574,임선우,55610,671541,25110,586483,67110,621585,1,,587592,594543,543169,679359,554745,610168,613985,505543,687464,521067,551033,545256,653263,586803,618843,528992,548803,609975,694549
25-70011575,이지훈,16110,636645,18110,579267,46111,638261,,,,,,,,,,,,,,,,,,,,,
25-70011576,황예준,67110,687990,55110,579558,81110,581422,,1,656328,661077,506638,537419,533377,606244,674188,667706,523382,687135,653466,567789,610634,631936,599572,671294,644738,623664,652027
25-70011577,전지훈,55110,573290,46112,547014,25110,635150,,,,,,,,,,,,,,,,,,,,,
25-70011578,한우진,80210,505594,25110,507371,46111,547315,,,,,,,,,,,,,,,,,,,,,
25-70011579,장주원,16110,552975,46110,654226,17110,656697,,,,,,,,,,,,,,,,,,,,,
25-70011580,서지후,55910,680066,18210,643687,16110,501466,,1,583886,565911,651818,588422,691811,573369,501893,530573,596907,671946,599956,618580,664439,652271,591404,557724,586133,667477,515989
25-70011581,최준우,70110,546546,46110,507008,18210,548291,,,,,,,,,,,,,,,,,,,,,
25-70011582,박선우,16110,511350,25110,686584,46210,556809,,,,,,,,,,,,,,,,,,,,,
25-70011583,안민재,18110,627402,46210,574229,46110,639993,,,,,,,,,,,,,,,,,,,,,
25-70011584,조민재,46112,609598,16110,662051,25110,586436,,1,636109,528633,524495,564550,536483,613181,534069,638442,619873,616843,571947,670205,595761,613753,631764,528926,599782,604700,573984
25-70011585,서하준,67110,549556,70110,623723,46112,526140,,,,,,,,,,,,,,,,,,,,,
25-70011586,권서준,46111,527843,55610,562320,67110,529793,,,,,,,,,,,,,,,,,,,,,
25-70011587,이현우,18111,666964,80210,606975,46110,577242,,,,,,,,,,,,,,,,,,,,,
25-70011588,조건우,80210,529831,16110,557174,18210,511279,,,,,,,,,,,,,,,,,,,,,
25-70011589,황지후,46210,683223,70110,618128,46112,667896,,,,,,,,,,,,,,,,,,,,,
25-70011590,안지훈,16110,550494,80210,603864,46110,649682,,,,,,,,,,,,,,,,,,,,,
25-70011591,권지후,70110,545203,55610,566677,80110,656497,,,,,,,,,,,,,,,,,,,,,
25-70011592,이준서,18310,521042,70110,543894,16110,637941,,,,,,,,,,,,,,,,,,,,,
25-70011593,전민재,80210,508876,55610,560973,81110,633959,,1,551413,602484,633913,528756,571576,618248,510304,530341,635830,648082,627039,691830,662730,680074,632447,599485,522092,631562,503729
25-70011594,권민준,46111,671806,18210,568116,46210,671097,,,,,,,,,,,,,,,,,,,,,
25-70011595,서도현,25110,529863,18111,636694,46210,632450,1,,545201,559251,572572,539255,563212,550210,625629,522499,602552,682700,561360,635675,627466,585473,643704,661679,591873,565756,678066
25-70011596,전우진,67110,514175,18111,637263,70110,583434,,1,566537,615721,547645,523283,586971,592759,690195,602780,661096,680702,530734,500515,610782,566727,609164,546216,571833,558755,527856
25-70011597,황건우,55110,538498,25110,609028,80110,511772,1,,689603,512940,618027,516932,687899,692503,524648,532966,658849,663639,648246,542598,690271,644870,696436,648630,561084,675309,696569
25-70011598,전시우,16110,646259,18111,656863,18210,590436,,,,,,,,,,,,,,,,,,,,,
25-70011599,전건우,18210,622990,17110,587029,46210,520711,,,,,,,,,,,,,,,,,,,,,
25-70011600,송우진,46111,628848,18110,695245,46110,646583,,,,,,,,,,,,,,,,,,,,,
25-70011601,전서준,70110,595558,16110,646312,17110,602272,,,,,,,,,,,,,,,,,,,,,
25-70011602,윤예준,55110,534980,18210,522504,18111,554970,,,,,,,,,,,,,,,,,,,,,
25-70011603,박우진,46210,515386,81110,604718,46111,537425,,,,,,,,,,,,,,,,,,,,,
25-70011604,윤건우,80110,534758,81110,636668,70110,516374,,,,,,,,,,,,,,,,,,,,,
25-70011605,강지훈,25110,589360,55610,562287,16110,682774,,,,,,,,,,,,,,,,,,,,,
25-70011606,조서준,55610,600963,55110,671349,80210,531551,,,,,,,,,,,,,,,,,,,,,
25-70011607,이하준,18310,528899,18210,528229,46111,505583,,,,,,,,,,,,,,,,,,,,,
25-70011608,송준서,55910,542818,46111,600422,18111,571927,,,,,,,,,,,,,,,,,,,,,
25-70011609,조지호,67110,592691,55110,538871,81110,693946,1,,580960,679893,565776,544462,692454,532574,602072,672982,656258,653885,578282,609779,518557,659132,689938,572104,637152,644926,622013
25-70011610,황민재,55110,564384,67110,595027,18210,621684,,,,,,,,,,,,,,,,,,,,,
25-70011611,정민준,80110,504011,18210,629716,46111,519782,,,,,,,,,,,,,,,,,,,,,
25-70011612,이지훈,70110,535897,46210,689637,46111,662002,,,,,,,,,,,,,,,,,,,,,
25-70011613,서민준,46110,606102,18310,585711,18110,616045,,,,,,,,,,,,,,,,,,,,,
25-70011614,박건우,55110,617769,67110,535398,46210,667001,,,,,,,,,,,,,,,,,,,,,
25-70011615,최선우,18210,520056,18310,638454,70110,555739,1,,690910,677113,500992,572394,567657,527160,545156,682447,586442,650644,617925,504136,561868,582263,532167,610957,515479,619392,662448
25-70011616,정서준,18110,631567,18310,544755,80210,698756,,,,,,,,,,,,,,,,,,,,,
25-70011617,안지후,55110,631225,46112,638925,16110,512379,,,,,,,,,,,,,,,,,,,,,
25-70011618,박서준,46111,670851,18210,687279,55910,533980,,,,,,,,,,,,,,,,,,,,,
25-70011619,김선우,46111,540096,67110,553785,80110,552344,,,,,,,,,,,,,,,,,,,,,
25-70011620,박연우,46111,689518,18110,683500,18210,678966,,,,,,,,,,,,,,,,,,,,,
25-70011621,황서준,18210,585042,16110,606471,46111,570111,,,,,,,,,,,,,,,,,,,,,
25-70011622,강연우,46111,546233,18111,629863,17110,697780,,,,,,,,,,,,,,,,,,,,,
25-70011623,강지호,18111,500882,18210,651296,46210,605227,1,,625865,623745,661897,528885,671128,634275,691313,633316,598322,568619,521584,508521,681089,533541,529063,570268,626218,618206,696024
25-70011624,오지후,16110,589044,18110,509045,18310,520116,,1,574205,527302,642355,662007,572534,662696,513440,611001,546501,632341,507868,661323,577909,584523,669801,515734,673501,672409,671397
25-70011625,안현준,55110,539263,46210,608491,80110,555087,,1,685929,622989,648472,540115,514249,677897,610361,524600,537706,519222,599041,604504,541139,614919,541302,587838,699231,639718,644615
25-70011626,김서준,55110,672208,25110,614826,46111,614881,,,,,,,,,,,,,,,,,,,,,
25-70011627,최민준,80110,578840,70110,665767,55110,661297,,,,,,,,,,,,,,,,,,,,,
25-70011628,정도현,16110,683383,25110,644587,80110,571695,1,,606749,655976,691007,543790,568580,505636,577129,633964,521672,505812,500654,554633,517143,555934,567334,603463,625851,529087,642690
25-70011629,권우진,80210,606750,46111,627043,17110,662462,1,,532152,606379,520836,697615,686720,657403,641835,569444,593109,650259,643029,635451,659031,582018,623076,658177,631949,679425,583788
25-70011630,조준서,67110,588741,81110,518830,46111,555044,,,,,,,,,,,,,,,,,,,,,
25-70011631,전준서,46112,636701,55610,593246,80110,595864,,,,,,,,,,,,,,,,,,,,,
25-70011632,장지훈,18310,636023,80110,528333,18110,521673,,,,,,,,,,,,,,,,,,,,,
25-70011633,안하준,55110,586704,70110,662171,18210,670457,,,,,,,,,,,,,,,,,,,,,
25-70011634,권도현,46111,539619,18210,512126,81110,564926,,,,,,,,,,,,,,,,,,,,,
25-70011635,홍건우,46210,693652,81110,615267,18310,688961,,,,,,,,,,,,,,,,,,,,,
25-70011636,임준서,55110,501168,81110,545124,17110,666969,,1,535294,674899,503516,650823,530373,622026,530270,641458,695889,565184,537879,549597,670204,503626,585936,581515,555390,647717,554144
25-70011637,조우진,18111,675426,55610,591288,55110,619020,,,,,,,,,,,,,,,,,,,,,
25-70011638,홍연우,18111,574231,81110,573606,46210,541662,,,,,,,,,,,,,,,,,,,,,
25-70011639,홍지후,70110,669957,46111,553144,46110,696292,1,,678371,650231,625212,616680,606802,602413,551012,630193,690377,648178,558123,611825,508720,668733,652192,650862,558655,690715,593448
25-70011640,권도윤,55910,596176,80110,529777,46210,657255,,,,,,,,,,,,,,,,,,,,,
25-70011641,이주원,16110,580280,25110,650939,55110,556523,,,,,,,,,,,,,,,,,,,,,
25-70011642,신우진,55910,545641,46210,654062,70110,529661,,,,,,,,,,,,,,,,,,,,,
25-70011643,안예준,46110,588578,46210,589941,18210,511826,1,,626044,689103,575020,505495,528481,642339,617897,637815,685872,603475,679845,557042,549476,528552,696314,676844,674802,660020,569093
25-70011644,최도윤,25110,624647,46210,685584,16110,551024,,,,,,,,,,,,,,,,,,,,,
25-70011645,서연우,81110,507435,55610,698156,70110,570601,,1,620871,634479,598943,532940,505666,537122,618647,656164,629753,623402,601190,600468,629207,526505,536713,685459,543169,577511,682814
25-70011646,한도현,55910,554362,70110,553997,46110,681413,,,,,,,,,,,,,,,,,,,,,
25-70011647,홍건우,67110,623711,55910,576425,18110,661358,,1,611915,622961,604672,526639,517205,556677,532930,573313,613153,518316,658376,596058,587876,585366,513403,580052,573495,663004,596090
25-70011648,서주원,18111,547997,16110,507170,46210,644375,,,,,,,,,,,,,,,,,,,,,
25-70011649,홍준우,46111,561720,55610,605514,46112,687877,,,,,,,,,,,,,,,,,,,,,
25-70011650,전서준,25110,558032,67110,615074,18110,599273,,,,,,,,,,,,,,,,,,,,,
25-70011651,서하준,18310,634821,55610,511353,46112,612313,,,,,,,,,,,,,,,,,,,,,
25-70011652,강지훈,70110,549756,46111,622863,46112,561192,,1,525993,661564,652053,524143,691349,607044,681062,628406,693960,569351,681071,570309,643518,661805,619156,576000,679704,521576,503320
25-70011653,서현준,55910,607648,81110,581494,80210,577225,,,,,,,,,,,,,,,,,,,,,
25-70011654,박하준,67110,577928,80110,504141,46112,654422,,,,,,,,,,,,,,,,,,,,,
25-70011655,오도현,18210,561554,81110,550755,55910,648778,,,,,,,,,,,,,,,,,,,,,
25-70011656,서준서,67110,532334,18210,513288,46110,653470,,,,,,,,,,,,,,,,,,,,,
25-70011657,최연우,46210,651255,46112,501132,67110,669331,,,,,,,,,,,,,,,,,,,,,
25-70011658,최예준,80110,670462,46210,555856,18110,680324,,,,,,,,,,,,,,,,,,,,,
25-70011659,황지훈,18310,655917,67110,589846,80210,530562,,,,,,,,,,,,,,,,,,,,,
25-70011660,임준서,67110,652472,18110,548270,55910,619415,,,,,,,,,,,,,,,,,,,,,
25-70011661,권예준,16110,593144,18111,564824,46110,523525,1,,541846,577261,681299,684100,668455,529483,507265,522763,515733,612196,591038,537420,640319,654912,696221,521058,534929,662434,586489
25-70011662,장서준,18310,528718,70110,668913,46210,677732,,,,,,,,,,,,,,,,,,,,,
25-70011663,오준서,55110,543723,16110,576298,80210,559238,,,,,,,,,,,,,,,,,,,,,
25-70011664,송예준,46112,652324,70110,637934,80110,569959,,,,,,,,,,,,,,,,,,,,,
25-70011665,윤현준,18310,638928,46210,669241,81110,659876,,,,,,,,,,,,,,,,,,,,,
25-70011666,서민준,55910,582597,18110,565641,18111,544247,,,,,,,,,,,,,,,,,,,,,
25-70011667,장지호,46111,632596,46110,618454,18111,549402,1,,666963,591009,670904,545836,644434,697817,668993,649634,695582,631049,576407,507610,609381,515791,558047,698978,650737,570246,696936
25-70011668,홍현우,67110,693709,55110,500028,18310,693442,,,,,,,,,,,,,,,,,,,,,
25-70011669,권준서,67110,577567,18111,580664,81110,581199,1,,622357,580729,659633,550568,609349,573302,594968,660576,616116,537146,540297,586394,627173,625942,699679,516939,681787,544460,697648
25-70011670,윤연우,18111,602302,70110,686790,67110,536445,,,,,,,,,,,,,,,,,,,,,
25-70011671,전준우,55910,536901,16110,648115,67110,640824,,,,,,,,,,,,,,,,,,,,,
25-70011672,강지후,46110,607724,80110,635864,25110,687054,,1,519252,641779,665278,503543,675207,604647,535031,674001,565747,688923,555311,565867,588780,557196,573705,557894,587640,514591,597247
25-70011673,황건우,18110,651697,18310,579622,80210,660259,,,,,,,,,,,,,,,,,,,,,
25-70011674,황도윤,46210,507526,46112,603863,18110,670572,,,,,,,,,,,,,,,,,,,,,
25-70011675,신민준,81110,651895,80110,505972,46112,515882,,,,,,,,,,,,,,,,,,,,,
25-70011676,안우진,80210,599976,81110,528251,67110,635604,1,,592115,577926,570400,599525,601164,641774,606732,515385,509336,565421,662297,536021,634854,617369,549111,589402,619774,542719,680109
25-70011677,윤예준,67110,552066,80210,611850,16110,542942,,,,,,,,,,,,,,,,,,,,,
25-70011678,안우진,16110,553014,18110,663898,80110,530297,,,,,,,,,,,,,,,,,,,,,
25-70011679,이지호,17110,598185,46110,511434,16110,558382,,1,583029,546228,503771,574099,620811,687871,562257,517558,558436,607779,624891,532376,577924,529332,631001,546737,630912,589031,683024
25-70011680,안준우,70110,542399,46111,544013,18210,645778,,1,688644,694839,657541,632385,638919,681294,641002,503285,623637,535863,647776,649777,631627,521323,570968,697994,553915,609543,641691
25-70011681,조서준,70110,555556,25110,664832,80110,538192,,,,,,,,,,,,,,,,,,,,,
